<?xml version="1.0" encoding="UTF-8" ?>
<adf-config xmlns="http://xmlns.oracle.com/adf/config" xmlns:config="http://xmlns.oracle.com/bc4j/configuration"
            xmlns:adf="http://xmlns.oracle.com/adf/config/properties">
  <adf-adfm-config xmlns="http://xmlns.oracle.com/adfm/config">
    <defaults changeEventPolicy="ppr" useBindVarsForViewCriteriaLiterals="true" useBindValuesInFindByKey="true"
              mapNegativeScaleToIntegerTypes="true" executeEmptyOnException="true" iteratorRowValidationFlag="false"/>
    <startup>
      <amconfig-overrides>
        <config:Database jbo.locking.mode="optimistic"/>
      </amconfig-overrides>
    </startup>
  </adf-adfm-config>
  <adf:adf-properties-child xmlns="http://xmlns.oracle.com/adf/config/properties">
    <adf-property name="adfAppUID" value="MapTest-6554"/>
    <adf-property name="mapProvider" value="googleMaps"/>
    <adf-property name="geoMapKey" value=""/>
    <adf-property name="mapViewerUrl" value="http://elocation.oracle.com/mapviewer"/>
    <adf-property name="baseMap" value="ELOCATION_MERCATOR.WORLD_MAP"/>
  </adf:adf-properties-child>
</adf-config>
