<?xml version="1.0" encoding="UTF-8" ?>
<pageDefinition xmlns="http://xmlns.oracle.com/adfm/uimodel" version="12.2.1.1.10" id="ReportPageDef"
                Package="mobile.pageDefs">
  <parameters/>
  <executables>
    <variableIterator id="variables"/>
    <iterator Binds="root" RangeSize="25" DataControl="Report" id="ReportIterator"/>
  </executables>
  <bindings>
    <methodAction id="getPicture" RequiresUpdateModel="true" Action="invokeMethod" MethodName="getPicture"
                  IsViewObjectMethod="false" DataControl="DeviceFeatures"
                  InstanceName="data.DeviceFeatures.dataProvider"
                  ReturnName="data.DeviceFeatures.methodResults.getPicture_DeviceFeatures_dataProvider_getPicture_result">
      <NamedData NDName="quality" NDValue="50" NDType="int"/>
      <NamedData NDName="destinationType" NDValue="1" NDType="int"/>
      <NamedData NDName="sourceType" NDValue="2" NDType="int"/>
      <NamedData NDName="allowEdit" NDValue="true" NDType="boolean"/>
      <NamedData NDName="encodingType" NDValue="1" NDType="int"/>
      <NamedData NDName="targetWidth" NDValue="200" NDType="int"/>
      <NamedData NDName="targetHeight" NDValue="200" NDType="int"/>
    </methodAction>
    <attributeValues IterBinding="ReportIterator" id="status">
      <AttrNames>
        <Item Value="status"/>
      </AttrNames>
    </attributeValues>
    <attributeValues IterBinding="ReportIterator" id="type">
      <AttrNames>
        <Item Value="type"/>
      </AttrNames>
    </attributeValues>
    <attributeValues IterBinding="ReportIterator" id="latitude">
      <AttrNames>
        <Item Value="latitude"/>
      </AttrNames>
    </attributeValues>
    <attributeValues IterBinding="ReportIterator" id="longitude">
      <AttrNames>
        <Item Value="longitude"/>
      </AttrNames>
    </attributeValues>
    <attributeValues IterBinding="ReportIterator" id="user_id">
      <AttrNames>
        <Item Value="user_id"/>
      </AttrNames>
    </attributeValues>
    <attributeValues IterBinding="ReportIterator" id="report_id">
      <AttrNames>
        <Item Value="report_id"/>
      </AttrNames>
    </attributeValues>
    <attributeValues IterBinding="ReportIterator" id="description">
      <AttrNames>
        <Item Value="description"/>
      </AttrNames>
    </attributeValues>
    <methodAction id="AddReport" RequiresUpdateModel="true" Action="invokeMethod" MethodName="AddReport"
                  IsViewObjectMethod="false" DataControl="Report" InstanceName="data.Report.dataProvider"
                  ReturnName="data.Report.methodResults.AddReport_Report_dataProvider_AddReport_result"/>
    <list IterBinding="ReportIterator" id="type1" DTSupportsMRU="true" SelectItemValueMode="ListObject"
          StaticList="true" MRUId="HEALTHCARE" MRUCount="5">
      <AttrNames>
        <Item Value="type"/>
      </AttrNames>
    </list>
  </bindings>
  <ResourceBundle>
    <XliffBundle xmlns="http://xmlns.oracle.com/adfm/resourcebundle" id="mobile.ViewControllerBundle"/>
  </ResourceBundle>
</pageDefinition>
